complaint_id,complaint_what_happened,company_response,product,issue,company
DEMO-000,Synthetic scenario 0: I contacted Demo Company about billing dispute on my checking account. I request an explanation and review of reference 1000.,Closed with explanation,Checking account,Billing dispute,Demo Company
DEMO-001,Synthetic scenario 1: I contacted Demo Company about account access on my checking account. I request an explanation and review of reference 1001.,Closed with explanation,Checking account,Account access,Demo Company
DEMO-002,Synthetic scenario 2: I contacted Demo Company about billing dispute on my credit card. I request an explanation and review of reference 1002.,Closed with explanation,Credit card,Billing dispute,Demo Company
DEMO-003,Synthetic scenario 3: I contacted Demo Company about statement error on my checking account. I request an explanation and review of reference 1003.,Closed with explanation,Checking account,Statement error,Demo Company
DEMO-004,Synthetic scenario 4: I contacted Demo Company about account access on my checking account. I request an explanation and review of reference 1004.,Closed with explanation,Checking account,Account access,Demo Company
DEMO-005,Synthetic scenario 5: I contacted Demo Company about billing dispute on my credit card. I request an explanation and review of reference 1005.,Closed with explanation,Credit card,Billing dispute,Demo Company
DEMO-006,Synthetic scenario 6: I contacted Demo Company about statement error on my credit card. I request an explanation and review of reference 1006.,Closed with explanation,Credit card,Statement error,Demo Company
DEMO-007,Synthetic scenario 7: I contacted Demo Company about billing dispute on my checking account. I request an explanation and review of reference 1007.,Closed with monetary relief,Checking account,Billing dispute,Demo Company
DEMO-008,Synthetic scenario 8: I contacted Demo Company about account access on my credit card. I request an explanation and review of reference 1008.,Closed with monetary relief,Credit card,Account access,Demo Company
DEMO-009,Synthetic scenario 9: I contacted Demo Company about billing dispute on my credit card. I request an explanation and review of reference 1009.,Closed with monetary relief,Credit card,Billing dispute,Demo Company
DEMO-010,Synthetic scenario 10: I contacted Demo Company about account access on my mortgage. I request an explanation and review of reference 1010.,Closed with explanation,Mortgage,Account access,Demo Company
DEMO-011,Synthetic scenario 11: I contacted Demo Company about account access on my credit card. I request an explanation and review of reference 1011.,Closed with explanation,Credit card,Account access,Demo Company
DEMO-012,Synthetic scenario 12: I contacted Demo Company about account access on my credit card. I request an explanation and review of reference 1012.,Closed with explanation,Credit card,Account access,Demo Company
DEMO-013,Synthetic scenario 13: I contacted Demo Company about account access on my mortgage. I request an explanation and review of reference 1013.,Closed with monetary relief,Mortgage,Account access,Demo Company
DEMO-014,Synthetic scenario 14: I contacted Demo Company about statement error on my credit card. I request an explanation and review of reference 1014.,Closed with monetary relief,Credit card,Statement error,Demo Company
DEMO-015,Synthetic scenario 15: I contacted Demo Company about billing dispute on my checking account. I request an explanation and review of reference 1015.,Closed with monetary relief,Checking account,Billing dispute,Demo Company
DEMO-016,Synthetic scenario 16: I contacted Demo Company about statement error on my credit card. I request an explanation and review of reference 1016.,Closed with monetary relief,Credit card,Statement error,Demo Company
DEMO-017,Synthetic scenario 17: I contacted Demo Company about statement error on my checking account. I request an explanation and review of reference 1017.,Closed with monetary relief,Checking account,Statement error,Demo Company
DEMO-018,Synthetic scenario 18: I contacted Demo Company about billing dispute on my checking account. I request an explanation and review of reference 1018.,Closed with explanation,Checking account,Billing dispute,Demo Company
DEMO-019,Synthetic scenario 19: I contacted Demo Company about statement error on my credit card. I request an explanation and review of reference 1019.,Closed with explanation,Credit card,Statement error,Demo Company
DEMO-020,Synthetic scenario 20: I contacted Demo Company about billing dispute on my mortgage. I request an explanation and review of reference 1020.,Closed with explanation,Mortgage,Billing dispute,Demo Company
DEMO-021,Synthetic scenario 21: I contacted Demo Company about account access on my credit card. I request an explanation and review of reference 1021.,Closed with monetary relief,Credit card,Account access,Demo Company
DEMO-022,Synthetic scenario 22: I contacted Demo Company about statement error on my mortgage. I request an explanation and review of reference 1022.,Closed with monetary relief,Mortgage,Statement error,Demo Company
DEMO-023,Synthetic scenario 23: I contacted Demo Company about account access on my credit card. I request an explanation and review of reference 1023.,Closed with monetary relief,Credit card,Account access,Demo Company
DEMO-024,Synthetic scenario 24: I contacted Demo Company about statement error on my credit card. I request an explanation and review of reference 1024.,Closed with monetary relief,Credit card,Statement error,Demo Company
DEMO-025,Synthetic scenario 25: I contacted Demo Company about statement error on my checking account. I request an explanation and review of reference 1025.,Closed with explanation,Checking account,Statement error,Demo Company
DEMO-026,Synthetic scenario 26: I contacted Demo Company about statement error on my checking account. I request an explanation and review of reference 1026.,Closed with explanation,Checking account,Statement error,Demo Company
DEMO-027,Synthetic scenario 27: I contacted Demo Company about statement error on my checking account. I request an explanation and review of reference 1027.,Closed with explanation,Checking account,Statement error,Demo Company
DEMO-028,Synthetic scenario 28: I contacted Demo Company about account access on my credit card. I request an explanation and review of reference 1028.,Closed with monetary relief,Credit card,Account access,Demo Company
DEMO-029,Synthetic scenario 29: I contacted Demo Company about statement error on my mortgage. I request an explanation and review of reference 1029.,Closed with explanation,Mortgage,Statement error,Demo Company
DEMO-030,Synthetic scenario 30: I contacted Demo Company about account access on my checking account. I request an explanation and review of reference 1030.,Closed with explanation,Checking account,Account access,Demo Company
DEMO-031,Synthetic scenario 31: I contacted Demo Company about billing dispute on my credit card. I request an explanation and review of reference 1031.,Closed with monetary relief,Credit card,Billing dispute,Demo Company
DEMO-032,Synthetic scenario 32: I contacted Demo Company about account access on my mortgage. I request an explanation and review of reference 1032.,Closed with explanation,Mortgage,Account access,Demo Company
DEMO-033,Synthetic scenario 33: I contacted Demo Company about statement error on my credit card. I request an explanation and review of reference 1033.,Closed with monetary relief,Credit card,Statement error,Demo Company
DEMO-034,Synthetic scenario 34: I contacted Demo Company about statement error on my credit card. I request an explanation and review of reference 1034.,Closed with monetary relief,Credit card,Statement error,Demo Company
DEMO-035,Synthetic scenario 35: I contacted Demo Company about statement error on my mortgage. I request an explanation and review of reference 1035.,Closed with monetary relief,Mortgage,Statement error,Demo Company
DEMO-036,Synthetic scenario 36: I contacted Demo Company about account access on my credit card. I request an explanation and review of reference 1036.,Closed with explanation,Credit card,Account access,Demo Company
DEMO-037,Synthetic scenario 37: I contacted Demo Company about statement error on my credit card. I request an explanation and review of reference 1037.,Closed with monetary relief,Credit card,Statement error,Demo Company
DEMO-038,Synthetic scenario 38: I contacted Demo Company about statement error on my checking account. I request an explanation and review of reference 1038.,Closed with monetary relief,Checking account,Statement error,Demo Company
DEMO-039,Synthetic scenario 39: I contacted Demo Company about account access on my checking account. I request an explanation and review of reference 1039.,Closed with monetary relief,Checking account,Account access,Demo Company
DEMO-040,Synthetic scenario 40: I contacted Demo Company about billing dispute on my credit card. I request an explanation and review of reference 1040.,Closed with monetary relief,Credit card,Billing dispute,Demo Company
DEMO-041,Synthetic scenario 41: I contacted Demo Company about billing dispute on my credit card. I request an explanation and review of reference 1041.,Closed with explanation,Credit card,Billing dispute,Demo Company
DEMO-042,Synthetic scenario 42: I contacted Demo Company about statement error on my credit card. I request an explanation and review of reference 1042.,Closed with explanation,Credit card,Statement error,Demo Company
DEMO-043,Synthetic scenario 43: I contacted Demo Company about account access on my checking account. I request an explanation and review of reference 1043.,Closed with explanation,Checking account,Account access,Demo Company
DEMO-044,Synthetic scenario 44: I contacted Demo Company about account access on my mortgage. I request an explanation and review of reference 1044.,Closed with monetary relief,Mortgage,Account access,Demo Company
DEMO-045,Synthetic scenario 45: I contacted Demo Company about account access on my checking account. I request an explanation and review of reference 1045.,Closed with explanation,Checking account,Account access,Demo Company
DEMO-046,Synthetic scenario 46: I contacted Demo Company about statement error on my checking account. I request an explanation and review of reference 1046.,Closed with explanation,Checking account,Statement error,Demo Company
DEMO-047,Synthetic scenario 47: I contacted Demo Company about statement error on my checking account. I request an explanation and review of reference 1047.,Closed with monetary relief,Checking account,Statement error,Demo Company
DEMO-048,Synthetic scenario 48: I contacted Demo Company about account access on my checking account. I request an explanation and review of reference 1048.,Closed with explanation,Checking account,Account access,Demo Company
DEMO-049,Synthetic scenario 49: I contacted Demo Company about account access on my mortgage. I request an explanation and review of reference 1049.,Closed with explanation,Mortgage,Account access,Demo Company
DEMO-050,Synthetic scenario 50: I contacted Demo Company about billing dispute on my mortgage. I request an explanation and review of reference 1050.,Closed with monetary relief,Mortgage,Billing dispute,Demo Company
DEMO-051,Synthetic scenario 51: I contacted Demo Company about billing dispute on my checking account. I request an explanation and review of reference 1051.,Closed with explanation,Checking account,Billing dispute,Demo Company
DEMO-052,Synthetic scenario 52: I contacted Demo Company about account access on my checking account. I request an explanation and review of reference 1052.,Closed with explanation,Checking account,Account access,Demo Company
DEMO-053,Synthetic scenario 53: I contacted Demo Company about account access on my credit card. I request an explanation and review of reference 1053.,Closed with explanation,Credit card,Account access,Demo Company
DEMO-054,Synthetic scenario 54: I contacted Demo Company about statement error on my checking account. I request an explanation and review of reference 1054.,Closed with explanation,Checking account,Statement error,Demo Company
DEMO-055,Synthetic scenario 55: I contacted Demo Company about account access on my checking account. I request an explanation and review of reference 1055.,Closed with monetary relief,Checking account,Account access,Demo Company
DEMO-056,Synthetic scenario 56: I contacted Demo Company about billing dispute on my credit card. I request an explanation and review of reference 1056.,Closed with monetary relief,Credit card,Billing dispute,Demo Company
DEMO-057,Synthetic scenario 57: I contacted Demo Company about billing dispute on my mortgage. I request an explanation and review of reference 1057.,Closed with explanation,Mortgage,Billing dispute,Demo Company
DEMO-058,Synthetic scenario 58: I contacted Demo Company about statement error on my credit card. I request an explanation and review of reference 1058.,Closed with explanation,Credit card,Statement error,Demo Company
DEMO-059,Synthetic scenario 59: I contacted Demo Company about statement error on my credit card. I request an explanation and review of reference 1059.,Closed with monetary relief,Credit card,Statement error,Demo Company
DEMO-060,Synthetic scenario 60: I contacted Demo Company about statement error on my credit card. I request an explanation and review of reference 1060.,Closed with explanation,Credit card,Statement error,Demo Company
DEMO-061,Synthetic scenario 61: I contacted Demo Company about statement error on my credit card. I request an explanation and review of reference 1061.,Closed with monetary relief,Credit card,Statement error,Demo Company
DEMO-062,Synthetic scenario 62: I contacted Demo Company about billing dispute on my checking account. I request an explanation and review of reference 1062.,Closed with monetary relief,Checking account,Billing dispute,Demo Company
DEMO-063,Synthetic scenario 63: I contacted Demo Company about statement error on my checking account. I request an explanation and review of reference 1063.,Closed with monetary relief,Checking account,Statement error,Demo Company
DEMO-064,Synthetic scenario 64: I contacted Demo Company about statement error on my credit card. I request an explanation and review of reference 1064.,Closed with explanation,Credit card,Statement error,Demo Company
DEMO-065,Synthetic scenario 65: I contacted Demo Company about account access on my checking account. I request an explanation and review of reference 1065.,Closed with monetary relief,Checking account,Account access,Demo Company
DEMO-066,Synthetic scenario 66: I contacted Demo Company about statement error on my checking account. I request an explanation and review of reference 1066.,Closed with monetary relief,Checking account,Statement error,Demo Company
DEMO-067,Synthetic scenario 67: I contacted Demo Company about statement error on my mortgage. I request an explanation and review of reference 1067.,Closed with monetary relief,Mortgage,Statement error,Demo Company
DEMO-068,Synthetic scenario 68: I contacted Demo Company about billing dispute on my credit card. I request an explanation and review of reference 1068.,Closed with explanation,Credit card,Billing dispute,Demo Company
DEMO-069,Synthetic scenario 69: I contacted Demo Company about account access on my credit card. I request an explanation and review of reference 1069.,Closed with explanation,Credit card,Account access,Demo Company
DEMO-070,Synthetic scenario 70: I contacted Demo Company about statement error on my checking account. I request an explanation and review of reference 1070.,Closed with explanation,Checking account,Statement error,Demo Company
DEMO-071,Synthetic scenario 71: I contacted Demo Company about billing dispute on my checking account. I request an explanation and review of reference 1071.,Closed with explanation,Checking account,Billing dispute,Demo Company
DEMO-072,Synthetic scenario 72: I contacted Demo Company about statement error on my credit card. I request an explanation and review of reference 1072.,Closed with explanation,Credit card,Statement error,Demo Company
DEMO-073,Synthetic scenario 73: I contacted Demo Company about billing dispute on my credit card. I request an explanation and review of reference 1073.,Closed with explanation,Credit card,Billing dispute,Demo Company
DEMO-074,Synthetic scenario 74: I contacted Demo Company about billing dispute on my mortgage. I request an explanation and review of reference 1074.,Closed with explanation,Mortgage,Billing dispute,Demo Company
DEMO-075,Synthetic scenario 75: I contacted Demo Company about statement error on my mortgage. I request an explanation and review of reference 1075.,Closed with monetary relief,Mortgage,Statement error,Demo Company
DEMO-076,Synthetic scenario 76: I contacted Demo Company about statement error on my credit card. I request an explanation and review of reference 1076.,Closed with explanation,Credit card,Statement error,Demo Company
DEMO-077,Synthetic scenario 77: I contacted Demo Company about statement error on my checking account. I request an explanation and review of reference 1077.,Closed with monetary relief,Checking account,Statement error,Demo Company
DEMO-078,Synthetic scenario 78: I contacted Demo Company about account access on my credit card. I request an explanation and review of reference 1078.,Closed with monetary relief,Credit card,Account access,Demo Company
DEMO-079,Synthetic scenario 79: I contacted Demo Company about billing dispute on my credit card. I request an explanation and review of reference 1079.,Closed with explanation,Credit card,Billing dispute,Demo Company
DEMO-080,Synthetic scenario 80: I contacted Demo Company about account access on my checking account. I request an explanation and review of reference 1080.,Closed with monetary relief,Checking account,Account access,Demo Company
DEMO-081,Synthetic scenario 81: I contacted Demo Company about account access on my mortgage. I request an explanation and review of reference 1081.,Closed with monetary relief,Mortgage,Account access,Demo Company
DEMO-082,Synthetic scenario 82: I contacted Demo Company about billing dispute on my checking account. I request an explanation and review of reference 1082.,Closed with explanation,Checking account,Billing dispute,Demo Company
DEMO-083,Synthetic scenario 83: I contacted Demo Company about account access on my credit card. I request an explanation and review of reference 1083.,Closed with monetary relief,Credit card,Account access,Demo Company
DEMO-084,Synthetic scenario 84: I contacted Demo Company about billing dispute on my credit card. I request an explanation and review of reference 1084.,Closed with explanation,Credit card,Billing dispute,Demo Company
DEMO-085,Synthetic scenario 85: I contacted Demo Company about statement error on my credit card. I request an explanation and review of reference 1085.,Closed with monetary relief,Credit card,Statement error,Demo Company
DEMO-086,Synthetic scenario 86: I contacted Demo Company about account access on my credit card. I request an explanation and review of reference 1086.,Closed with explanation,Credit card,Account access,Demo Company
DEMO-087,Synthetic scenario 87: I contacted Demo Company about account access on my mortgage. I request an explanation and review of reference 1087.,Closed with explanation,Mortgage,Account access,Demo Company
DEMO-088,Synthetic scenario 88: I contacted Demo Company about account access on my credit card. I request an explanation and review of reference 1088.,Closed with explanation,Credit card,Account access,Demo Company
DEMO-089,Synthetic scenario 89: I contacted Demo Company about statement error on my credit card. I request an explanation and review of reference 1089.,Closed with explanation,Credit card,Statement error,Demo Company
DEMO-090,Synthetic scenario 90: I contacted Demo Company about billing dispute on my credit card. I request an explanation and review of reference 1090.,Closed with explanation,Credit card,Billing dispute,Demo Company
DEMO-091,Synthetic scenario 91: I contacted Demo Company about account access on my mortgage. I request an explanation and review of reference 1091.,Closed with monetary relief,Mortgage,Account access,Demo Company
DEMO-092,Synthetic scenario 92: I contacted Demo Company about account access on my credit card. I request an explanation and review of reference 1092.,Closed with explanation,Credit card,Account access,Demo Company
DEMO-093,Synthetic scenario 93: I contacted Demo Company about account access on my credit card. I request an explanation and review of reference 1093.,Closed with explanation,Credit card,Account access,Demo Company
DEMO-094,Synthetic scenario 94: I contacted Demo Company about account access on my mortgage. I request an explanation and review of reference 1094.,Closed with monetary relief,Mortgage,Account access,Demo Company
DEMO-095,Synthetic scenario 95: I contacted Demo Company about account access on my mortgage. I request an explanation and review of reference 1095.,Closed with monetary relief,Mortgage,Account access,Demo Company
DEMO-096,Synthetic scenario 96: I contacted Demo Company about billing dispute on my credit card. I request an explanation and review of reference 1096.,Closed with monetary relief,Credit card,Billing dispute,Demo Company
DEMO-097,Synthetic scenario 97: I contacted Demo Company about billing dispute on my credit card. I request an explanation and review of reference 1097.,Closed with explanation,Credit card,Billing dispute,Demo Company
DEMO-098,Synthetic scenario 98: I contacted Demo Company about account access on my checking account. I request an explanation and review of reference 1098.,Closed with explanation,Checking account,Account access,Demo Company
DEMO-099,Synthetic scenario 99: I contacted Demo Company about statement error on my credit card. I request an explanation and review of reference 1099.,Closed with monetary relief,Credit card,Statement error,Demo Company
DEMO-100,Synthetic scenario 100: I contacted Demo Company about statement error on my checking account. I request an explanation and review of reference 1100.,Closed with explanation,Checking account,Statement error,Demo Company
DEMO-101,Synthetic scenario 101: I contacted Demo Company about statement error on my credit card. I request an explanation and review of reference 1101.,Closed with explanation,Credit card,Statement error,Demo Company
DEMO-102,Synthetic scenario 102: I contacted Demo Company about billing dispute on my credit card. I request an explanation and review of reference 1102.,Closed with explanation,Credit card,Billing dispute,Demo Company
DEMO-103,Synthetic scenario 103: I contacted Demo Company about billing dispute on my checking account. I request an explanation and review of reference 1103.,Closed with monetary relief,Checking account,Billing dispute,Demo Company
DEMO-104,Synthetic scenario 104: I contacted Demo Company about statement error on my credit card. I request an explanation and review of reference 1104.,Closed with explanation,Credit card,Statement error,Demo Company
DEMO-105,Synthetic scenario 105: I contacted Demo Company about statement error on my checking account. I request an explanation and review of reference 1105.,Closed with explanation,Checking account,Statement error,Demo Company
DEMO-106,Synthetic scenario 106: I contacted Demo Company about billing dispute on my checking account. I request an explanation and review of reference 1106.,Closed with monetary relief,Checking account,Billing dispute,Demo Company
DEMO-107,Synthetic scenario 107: I contacted Demo Company about statement error on my checking account. I request an explanation and review of reference 1107.,Closed with monetary relief,Checking account,Statement error,Demo Company
DEMO-108,Synthetic scenario 108: I contacted Demo Company about billing dispute on my mortgage. I request an explanation and review of reference 1108.,Closed with monetary relief,Mortgage,Billing dispute,Demo Company
DEMO-109,Synthetic scenario 109: I contacted Demo Company about account access on my credit card. I request an explanation and review of reference 1109.,Closed with monetary relief,Credit card,Account access,Demo Company
DEMO-110,Synthetic scenario 110: I contacted Demo Company about statement error on my credit card. I request an explanation and review of reference 1110.,Closed with monetary relief,Credit card,Statement error,Demo Company
DEMO-111,Synthetic scenario 111: I contacted Demo Company about account access on my mortgage. I request an explanation and review of reference 1111.,Closed with explanation,Mortgage,Account access,Demo Company
DEMO-112,Synthetic scenario 112: I contacted Demo Company about account access on my credit card. I request an explanation and review of reference 1112.,Closed with explanation,Credit card,Account access,Demo Company
DEMO-113,Synthetic scenario 113: I contacted Demo Company about statement error on my credit card. I request an explanation and review of reference 1113.,Closed with explanation,Credit card,Statement error,Demo Company
DEMO-114,Synthetic scenario 114: I contacted Demo Company about account access on my checking account. I request an explanation and review of reference 1114.,Closed with explanation,Checking account,Account access,Demo Company
DEMO-115,Synthetic scenario 115: I contacted Demo Company about billing dispute on my mortgage. I request an explanation and review of reference 1115.,Closed with explanation,Mortgage,Billing dispute,Demo Company
DEMO-116,Synthetic scenario 116: I contacted Demo Company about account access on my mortgage. I request an explanation and review of reference 1116.,Closed with explanation,Mortgage,Account access,Demo Company
DEMO-117,Synthetic scenario 117: I contacted Demo Company about statement error on my mortgage. I request an explanation and review of reference 1117.,Closed with monetary relief,Mortgage,Statement error,Demo Company
DEMO-118,Synthetic scenario 118: I contacted Demo Company about statement error on my checking account. I request an explanation and review of reference 1118.,Closed with explanation,Checking account,Statement error,Demo Company
DEMO-119,Synthetic scenario 119: I contacted Demo Company about statement error on my checking account. I request an explanation and review of reference 1119.,Closed with monetary relief,Checking account,Statement error,Demo Company
